Date & Time,Amount Outgoing (Yen),Amount Incoming (Yen),Amount Outgoing Overseas,Currency,Exchange Rate (Yen),Country Paid In,Transaction Type,Business Name,Method,Payment Option,User,Transaction ID
2025/08/30 17:37:46,"2,400",-,-,-,-,-,Payment,フジマルクラフト,PayPay Balance,-,-,04788007766391644166
2025/08/30 17:37:34,-,"10,000",-,-,-,-,Top-Up,PayPay,ＳＢＩ新生銀行 *****72,-,-,02076859383978049561
2025/08/30 04:16:17,900,-,-,-,-,-,Payment,Appleサービス,"PayPay Point (58yen), PayPay Balance (842yen)",-,-,04787594685027246082
2025/08/25 14:57:14,"3,418",-,-,-,-,-,Money Sent,070******88,PayPay Balance,-,-,02073065905652908032
2025/08/25 14:57:12,-,"3,000",-,-,-,-,Top-Up,PayPay,ＳＢＩ新生銀行 *****72,-,-,02073065888473686024
2025/08/23 19:13:52,300,-,-,-,-,-,Payment,PARK TRUCK,PayPay Balance,-,-,04782862112101621760
2025/08/23 18:26:17,900,-,-,-,-,-,Payment,OHANABATAKE - B-ビーフサンド,"PayPay Point (6yen), PayPay Balance (894yen)",-,-,04782837579248754695
2025/08/21 09:16:29,"1,080",-,-,-,-,-,Payment,Appleサービス,"PayPay Point (7yen), PayPay Balance (1,073yen)",-,-,04781069882377093120
2025/08/16 12:32:14,"1,963",-,-,-,-,-,Bill Payment,川崎市　水道料金等,PayPay Balance,-,-,04777459910820003860
2025/08/16 09:14:27,450,-,-,-,-,-,Payment,Appleサービス,"PayPay Point (2yen), PayPay Balance (448yen)",-,-,04777357982656675840
2025/08/14 18:43:07,"3,800",-,-,-,-,-,Payment,牛屋 - 牛屋　FS常設,PayPay Balance,-,-,04776166730526588938
2025/08/14 18:42:07,-,"10,000",-,-,-,-,Top-Up,PayPay,ＳＢＩ新生銀行 *****72,-,-,02065017935802908677
2025/08/14 18:02:56,"2,100",-,-,-,-,-,Payment,モビリティリゾートもてぎ - MRM予備６,PayPay Balance,-,-,04776146011603927050
2025/08/12 18:24:48,"1,400",-,-,-,-,-,Payment,ｋｍ国際自動車T1　羽田 - S.RIDE　ｋｍ国際自動車T1　羽田,"PayPay Point (24yen), PayPay Balance (1,376yen)",-,-,04774672940897812488
2025/08/10 15:19:18,220,-,-,-,-,-,Payment,セブン-イレブン - 川崎溝口２丁目,PayPay Balance,-,-,04773093002818224130
2025/08/10 15:17:31,440,-,-,-,-,-,Payment,セブン-イレブン - 川崎溝口２丁目,PayPay Balance,-,-,04773092083695337472
2025/08/10 14:09:09,"2,597",-,-,-,-,-,Payment,セブン-イレブン - 川崎溝口２丁目,PayPay Balance,-,-,04773056847783591938
2025/08/10 14:09:00,-,"2,962",-,-,-,-,Refund,セブン-イレブン - 川崎溝口２丁目,PayPay Balance,-,-,04773056375336812549
2025/08/10 14:08:15,"2,962",-,-,-,-,-,Payment,セブン-イレブン - 川崎溝口２丁目,PayPay Balance,-,-,04773056375336812549
2025/08/09 21:05:17,933,-,-,-,-,-,Payment,セブン-イレブン - 川崎溝口２丁目,PayPay Balance,-,-,04772529142331662337
2025/08/09 05:02:24,"1,740",-,-,-,-,-,Payment,Appleサービス,"PayPay Point (32yen), PayPay Balance (1,708yen)",-,-,04772032876040593409
2025/08/07 20:16:43,-,"5,000",-,-,-,-,Money Received,Kang Jin Chia,PayPay Balance,-,-,02059871499829329928
2025/08/07 20:16:21,-,"5,000",-,-,-,-,Money Received,070******37,PayPay Balance,-,-,02059871302260793348
2025/08/06 20:51:13,81,-,-,-,-,-,Payment,ココカラファイン - くすりセイジョー久が原駅前店,PayPay Balance,-,-,04770295389968580608
2025/08/06 16:03:13,800,-,-,-,-,-,Payment,個人山内タクシー,"PayPay Point (108yen), PayPay Balance (692yen)",-,-,04770146947308601346
2025/08/05 11:36:01,"3,000",-,-,-,-,-,Payment,Appleサービス,PayPay Balance,-,-,04769267071717949442
2025/08/05 08:07:23,"1,680",-,-,-,-,-,Payment,Appleサービス,"PayPay Point (9yen), PayPay Balance (1,671yen)",-,-,04769159534326145027
2025/08/03 12:56:45,"1,800",-,-,-,-,-,Payment,PeccoPecorino - Pecco Pecorino,"PayPay Point (3yen), PayPay Balance (1,797yen)",-,-,04767824332072501257
2025/08/02 07:20:38,"1,471",-,-,-,-,-,Payment,セブン-イレブン - 川崎溝口２丁目,"PayPay Point (47yen), PayPay Balance (1,424yen)",-,-,04766908937103089664
2025/07/29 23:15:43,-,"3,500",-,-,-,-,Money Received,ヨシヒサ,PayPay Balance,-,-,02053284222583529478
2025/07/28 18:09:56,410,-,-,-,-,-,Payment,NewDays - NewDays原宿,PayPay Balance,-,-,04763532723431735299
2025/07/28 16:12:36,-,6,-,-,-,-,"Points, Balance Earned",スポンティーニ,PayPay Point,-,-,04763472026954612743
2025/07/28 16:12:10,"1,250",-,-,-,-,-,Payment,スポンティーニ - スポンティーニカスケード原宿店,PayPay Balance,-,-,04763472026954612743
2025/07/27 16:09:11,-,6,-,-,-,-,"Points, Balance Earned",BUBBLE　HOUSE,PayPay Point,-,-,04762728327597309955
2025/07/27 16:09:11,"1,200",-,-,-,-,-,Payment,BUBBLE　HOUSE,PayPay Balance,-,-,04762728327597309955
2025/07/27 12:07:56,-,"3,000",-,-,-,-,Money Received,ななな,PayPay Balance,-,-,02051455708978487296
2025/07/27 00:36:15,483,-,-,-,-,-,Payment,セブン-イレブン - 川崎溝口２丁目,PayPay Balance,-,-,04762247488828399617
2025/07/27 00:36:14,-,2,-,-,-,-,"Points, Balance Earned",セブン-イレブン,PayPay Point,-,-,04762247488828399617
2025/07/26 22:57:37,-,"2,500",-,-,-,-,Money Received,ななな,PayPay Balance,-,-,02051048382869880833
2025/07/26 14:18:36,-,4,-,-,-,-,"Points, Balance Earned",浅草生搾り果汁　おれんじーる,PayPay Point,-,-,04761929154442207237
2025/07/26 14:18:36,800,-,-,-,-,-,Payment,浅草生搾り果汁　おれんじーる - 浅草店,PayPay Balance,-,-,04761929154442207237
2025/07/26 12:28:00,"3,760",-,-,-,-,-,Payment,魚がし日本一 - エトモ溝の口店,PayPay Balance,-,-,04761872151636467718
2025/07/26 12:27:59,-,18,-,-,-,-,"Points, Balance Earned",魚がし日本一,PayPay Point,-,-,04761872151636467718
2025/07/26 02:19:55,-,"3,500",-,-,-,-,Money Received,アイ,PayPay Balance,-,-,02050410468555776008
2025/07/25 22:47:59,"1,400",-,-,-,-,-,Payment,THE BLUE POSTS - THE BLUE POSTS,PayPay Balance,-,-,04761449526854836226
2025/07/25 22:47:59,-,7,-,-,-,-,"Points, Balance Earned",THE BLUE POSTS,PayPay Point,-,-,04761449526854836226
2025/07/25 21:48:06,-,2,-,-,-,-,"Points, Balance Earned",ローソン,PayPay Point,-,-,04761418663218831361
2025/07/25 21:48:06,485,-,-,-,-,-,Payment,ローソン - 恵比寿南一丁目,PayPay Balance,-,-,04761418663218831361
2025/07/25 17:42:30,-,12,-,-,-,-,"Points, Balance Earned",プレミアムビアテラス,PayPay Point,-,-,04761292081943101443
2025/07/25 17:42:30,"2,400",-,-,-,-,-,Payment,プレミアムビアテラス - プレミアムビアテラス,PayPay Balance,-,-,04761292081943101443
2025/07/25 08:53:05,-,1,-,-,-,-,"Points, Balance Earned",ローソン,PayPay Point,-,-,04761019214081122309
2025/07/25 08:53:05,322,-,-,-,-,-,Payment,ローソン - 川崎久地一丁目,PayPay Balance,-,-,04761019214081122309
2025/07/24 19:18:45,"1,200",-,-,-,-,-,Payment,文化浴泉 - 文化浴泉,PayPay Balance,-,-,04760599518467317760
2025/07/24 19:18:45,-,6,-,-,-,-,"Points, Balance Earned",文化浴泉,PayPay Point,-,-,04760599518467317760
2025/07/24 19:17:09,-,"10,000",-,-,-,-,Top-Up,PayPay,ＳＢＩ新生銀行 *****72,-,-,02049450405927632915
2025/07/24 19:06:29,159,-,-,-,-,-,Payment,ローソン - 池尻大橋,PayPay Balance,-,-,04760593187684851715
2025/07/24 19:05:21,162,-,-,-,-,-,Payment,ローソン - 池尻大橋,"PayPay Point (50yen), PayPay Balance (112yen)",-,-,04760592603569922055
2025/07/18 10:39:21,-,2,-,-,-,-,"Points, Balance Earned",セブン-イレブン,PayPay Point,-,-,04755878799648153600
2025/07/18 10:39:21,486,-,-,-,-,-,Payment,セブン-イレブン - 川崎溝口２丁目,PayPay Balance,-,-,04755878799648153600
2025/07/18 10:36:04,"1,114",-,-,-,-,-,Payment,セブン-イレブン - 川崎溝口２丁目,PayPay Balance,-,-,04755877098840711173
2025/07/18 10:36:03,-,5,-,-,-,-,"Points, Balance Earned",セブン-イレブン,PayPay Point,-,-,04755877098840711173
2025/07/16 09:14:33,-,2,-,-,-,-,"Points, Balance Earned",Appleサービス,PayPay Point,-,-,04754350753360379905
2025/07/16 09:14:33,450,-,-,-,-,-,Payment,Appleサービス,"PayPay Point (2yen), PayPay Balance (448yen)",-,-,04754350753360379905
2025/07/13 13:56:20,"1,600",-,-,-,-,-,Money Sent,Haruka Ishikita,PayPay Balance,-,-,02041121193025437704
2025/07/13 13:56:17,-,"3,000",-,-,-,-,Top-Up,PayPay,ソニー銀行 *****73,-,-,02041121167257509907
2025/07/13 12:05:44,"1,980",-,-,-,-,-,Money Sent,risa,PayPay Balance,-,-,02041064190222278656
2025/07/12 21:16:17,"1,000",-,-,-,-,-,Money Sent,Yumi Hibino ユウミ ヒビノ,PayPay Balance,-,-,02040605771179687937
2025/07/12 21:16:15,-,"3,000",-,-,-,-,Top-Up,PayPay,ソニー銀行 *****73,-,-,02040605745411653652
2025/07/12 21:14:55,500,-,-,-,-,-,Money Sent,Yumi Hibino ユウミ ヒビノ,PayPay Balance,-,-,02040605058217533455
2025/07/12 21:12:44,500,-,-,-,-,-,Money Sent,Yumi Hibino ユウミ ヒビノ,PayPay Balance,-,-,02040603941525405708
2025/07/12 19:43:19,500,-,-,-,-,-,Money Sent,Yumi Hibino ユウミ ヒビノ,PayPay Balance,-,-,02040557847936385047
2025/07/12 17:33:31,"1,000",-,-,-,-,-,Money Sent,ちった,PayPay Balance,-,-,02040490949523996706
2025/07/12 17:33:28,-,"3,000",-,-,-,-,Top-Up,PayPay,ソニー銀行 *****73,-,-,02040490932343939076
2025/07/12 13:26:45,-,3,-,-,-,-,"Points, Balance Earned",八丈島ジャージーカフェ,PayPay Point,-,-,04751512054856769538
2025/07/12 13:26:45,750,-,-,-,-,-,Payment,八丈島ジャージーカフェ - 八丈島ジャージーカフェ,PayPay Balance,-,-,04751512054856769538
2025/07/12 11:22:36,-,3,-,-,-,-,"Points, Balance Earned",自家焙煎珈琲里芋とがらぱごす,PayPay Point,-,-,4751447793555234817#53237
2025/07/12 11:22:04,-,3,-,-,-,-,"Points, Balance Earned",自家焙煎珈琲里芋とがらぱごす,PayPay Point,-,-,04751447793555234817
2025/07/12 11:22:04,600,-,-,-,-,-,Payment,自家焙煎珈琲里芋とがらぱごす - 自家焙煎珈琲里芋とがらぱごす,PayPay Balance,-,-,04751447793555234817
2025/07/12 11:08:03,-,750,-,-,-,-,Money Received,090******82,PayPay Balance,-,-,02040292281517162501
2025/07/12 11:06:02,-,15,-,-,-,-,"Points, Balance Earned",コーヒーハウスLL,PayPay Point,-,-,04751439521447272448
2025/07/12 11:06:02,"3,000",-,-,-,-,-,Payment,コーヒーハウスLL - コーヒーハウスLL,PayPay Balance,-,-,04751439521447272448
2025/07/11 21:21:49,"1,000",-,-,-,-,-,Money Sent,Ryota,PayPay Balance,-,-,02039866444099715088
2025/07/10 21:46:04,525,-,-,-,-,-,Bill Payment,東京都水道局,PayPay Balance,-,-,04750285060009353217
2025/07/10 21:45:13,"1,792",-,-,-,-,-,Bill Payment,東京ガス株式会社,PayPay Balance,-,-,04750284621922844672
2025/07/10 21:44:11,"2,323",-,-,-,-,-,Bill Payment,東京電力エナジーパートナー株式会社,PayPay Balance,-,-,04750284089346752515
2025/07/10 21:43:34,-,"10,000",-,-,-,-,Top-Up,PayPay,ソニー銀行 *****73,-,-,02039135483615084544
2025/07/10 21:43:33,"2,739",-,-,-,-,-,Bill Payment,東京電力エナジーパートナー株式会社,PayPay Balance,-,-,04750283762927804418
2025/07/10 21:43:18,"1,196",-,-,-,-,-,Bill Payment,東京電力エナジーパートナー株式会社,PayPay Balance,-,-,04750283634078507008
2025/07/08 19:59:56,-,32,-,-,-,-,"Points, Balance Earned",路じ,PayPay Point,-,-,04748746001427603456
2025/07/08 19:59:54,-,"10,000",-,-,-,-,Top-Up,PayPay,ソニー銀行 *****73,-,-,02037597722116227095
2025/07/08 19:59:54,"6,435",-,-,-,-,-,Payment,路じ - 本店,"PayPay Point (15yen), PayPay Balance (6,420yen)",-,-,04748746001427603456
2025/07/07 00:43:06,-,54,-,-,-,-,"Points, Balance Earned",IKEAオンラインストア,PayPay Point,-,-,4747407526408568841#52541
2025/07/07 00:42:57,-,54,-,-,-,-,"Points, Balance Earned",IKEAオンラインストア,PayPay Point,-,-,04747407526408568841
2025/07/07 00:42:56,"10,996",-,-,-,-,-,Payment,IKEAオンラインストア,PayPay Balance,-,-,04747407526408568841
2025/07/07 00:42:56,-,"10,570",-,-,-,-,Top-Up,PayPay,ソニー銀行 *****73,-,-,02036259255686742016
2025/07/06 09:01:07,108,-,-,-,-,-,Payment,セブン-イレブン - 川崎溝口２丁目,PayPay Balance,-,-,04746922117795676160
2025/07/06 09:00:14,-,1,-,-,-,-,"Points, Balance Earned",セブン-イレブン,PayPay Point,-,-,04746921671118315520
2025/07/06 09:00:14,257,-,-,-,-,-,Payment,セブン-イレブン - 川崎溝口２丁目,PayPay Balance,-,-,04746921671118315520
2025/07/05 18:30:08,"1,000",-,-,-,-,-,Money Sent,礼応,PayPay Balance,-,-,02035324937092145164
2025/07/05 16:07:13,-,8,-,-,-,-,"Points, Balance Earned",Appleサービス,PayPay Point,-,-,04746399566304010241
2025/07/05 16:07:13,"1,680",-,-,-,-,-,Payment,Appleサービス,PayPay Balance,-,-,04746399566304010241
2025/07/04 23:16:19,"1,300",-,-,-,-,-,Money Sent,Siddhant,PayPay Balance,-,-,02034730264509120524
2025/07/04 18:49:02,"5,000",-,-,-,-,-,Money Sent,ROSE,PayPay Balance,-,-,02034592507729772556
2025/07/04 18:45:40,-,3,-,-,-,-,"Points, Balance Earned",bb.q OLIVE CHICKEN caf'e,PayPay Point,-,-,04745739043283468288
2025/07/04 18:45:38,690,-,-,-,-,-,Payment,bb.q OLIVE CHICKEN caf'e - ビービーキュー二子玉川店,PayPay Balance,-,-,04745739043283468288
2025/07/04 18:45:38,-,"10,000",-,-,-,-,Top-Up,PayPay,ソニー銀行 *****73,-,-,02034590763972165638
2025/06/29 21:16:11,-,2,-,-,-,-,"Points, Balance Earned",セブン-イレブン,PayPay Point,-,-,04742105775826345985
2025/06/29 21:16:11,515,-,-,-,-,-,Payment,セブン-イレブン - 川崎溝口２丁目,PayPay Balance,-,-,04742105775826345985
2025/06/29 20:48:44,-,36,-,-,-,-,"Points, Balance Earned",Appleサービス,PayPay Point,-,-,04742091636793851904
2025/06/29 20:48:44,"7,200",-,-,-,-,-,Payment,Appleサービス,PayPay Balance,-,-,04742091636793851904
2025/06/29 19:50:56,"1,969",-,-,-,-,-,Payment,Dominos Pizza,"PayPay Point (69yen), PayPay Balance (1,900yen)",-,-,04742061838310670341
2025/06/29 19:50:55,-,9,-,-,-,-,"Points, Balance Earned",Dominos Pizza,PayPay Point,-,-,04742061838310670341
2025/06/26 18:03:09,"4,419",-,-,-,-,-,Money Sent,Shizuka,PayPay Balance,-,-,02028631496847794190
2025/06/23 19:06:56,-,2,-,-,-,-,"Points, Balance Earned",ME Group Japan,PayPay Point,-,-,04737586147377569794
2025/06/23 19:06:56,500,-,-,-,-,-,Payment,ME Group Japan,PayPay Balance,-,-,04737586147377569794
2025/06/23 13:33:32,-,18,-,-,-,-,"Points, Balance Earned",くら寿司,PayPay Point,-,-,04737414305735770119
2025/06/23 13:33:32,"3,750",-,-,-,-,-,Payment,くら寿司 - 溝の口駅北,PayPay Balance,-,-,04737414305735770119
2025/06/22 19:23:32,-,6,-,-,-,-,"Points, Balance Earned",Farmer's Chicken,PayPay Point,-,-,04736852532603641857
2025/06/22 19:23:32,"1,300",-,-,-,-,-,Payment,Farmer's Chicken - 田町店,PayPay Balance,-,-,04736852532603641857
2025/06/22 10:27:53,"3,855",-,-,-,-,-,Bill Payment,東京ガス株式会社,PayPay Balance,-,-,04736576460695568384
2025/06/22 10:27:26,"4,793",-,-,-,-,-,Bill Payment,東京都水道局,PayPay Balance,-,-,04736576220177530883
2025/06/22 10:27:06,"2,936",-,-,-,-,-,Bill Payment,東京電力エナジーパートナー株式会社,PayPay Balance,-,-,04736576048378503175
2025/06/21 23:15:47,-,6,-,-,-,-,"Points, Balance Earned",BARANKEBAB,PayPay Point,-,-,04736230062993211392
2025/06/21 23:15:47,"1,200",-,-,-,-,-,Payment,BARANKEBAB - BARANKEBAB,PayPay Balance,-,-,04736230062993211392
2025/06/21 21:23:35,-,12,-,-,-,-,"Points, Balance Earned",文化浴泉,PayPay Point,-,-,04736172235553439746
2025/06/21 21:23:35,"2,400",-,-,-,-,-,Payment,文化浴泉 - 文化浴泉,PayPay Balance,-,-,04736172235553439746
2025/06/21 14:22:50,149,-,-,-,-,-,Payment,セブン-イレブン - 世田谷上野毛,PayPay Balance,-,-,04735955374064959493
2025/06/21 09:16:51,"1,080",-,-,-,-,-,Payment,Appleサービス,PayPay Balance,-,-,04735797680046014464
2025/06/21 09:16:51,-,5,-,-,-,-,"Points, Balance Earned",Appleサービス,PayPay Point,-,-,04735797680046014464
2025/06/20 19:05:17,-,1,-,-,-,-,"Points, Balance Earned",セブン-イレブン,PayPay Point,-,-,04735358777337888769
2025/06/20 19:05:17,276,-,-,-,-,-,Payment,セブン-イレブン - 世田谷上野毛,PayPay Balance,-,-,04735358777337888769
2025/06/20 15:21:02,149,-,-,-,-,-,Payment,セブン-イレブン - 世田谷上野毛,"PayPay Point (27yen), PayPay Balance (122yen)",-,-,04735243208357470210
2025/06/17 14:30:07,-,"5,700",-,-,-,-,Money Received,070******97,PayPay Balance,-,-,02021842175752650752
2025/06/16 09:14:32,450,-,-,-,-,-,Payment,Appleサービス,"PayPay Point (25yen), PayPay Balance (425yen)",-,-,04732085625708331012
2025/06/16 09:14:32,-,2,-,-,-,-,"Points, Balance Earned",Appleサービス,PayPay Point,-,-,04732085625708331012
2025/06/15 11:20:42,-,"5,700",-,-,-,-,Money Received,ヨシヒサ,PayPay Balance,-,-,02020260201858875408
2025/06/08 19:37:11,-,14,-,-,-,-,"Points, Balance Earned",Dominos Pizza,PayPay Point,-,-,04726469174281510915
2025/06/08 19:37:11,"2,849",-,-,-,-,-,Payment,Dominos Pizza,PayPay Balance,-,-,04726469174281510915
2025/06/08 16:49:29,108,-,-,-,-,-,Payment,セブン-イレブン - 世田谷自由が丘駅南,PayPay Balance,-,-,04726382742359654404
2025/06/07 19:30:30,138,-,-,-,-,-,Payment,ローソン - 二本松一丁目,PayPay Balance,-,-,04725723559369760773
2025/06/07 11:26:01,-,1,-,-,-,-,"Points, Balance Earned",セブン-イレブン,PayPay Point,-,-,04725473858561040398
2025/06/07 11:26:01,298,-,-,-,-,-,Payment,セブン-イレブン - 八王子下柚木２丁目,"PayPay Point (22yen), PayPay Balance (276yen)",-,-,04725473858561040398
2025/06/01 10:13:08,116,-,-,-,-,-,"Points, Balance Removed",-,PayPay Point,-,-,04716678298107969541
2025/06/01 10:13:08,-,"23,210",-,-,-,-,Refund,チケジャム,PayPay Balance,-,-,04716678298107969541
2025/05/29 13:03:37,"1,492",-,-,-,-,-,Payment,CoCo壱番屋 - 東急上野毛駅前店,PayPay Balance,-,-,04718844628076052486
2025/05/29 13:03:36,-,7,-,-,-,-,"Points, Balance Earned",CoCo壱番屋,PayPay Point,-,-,04718844628076052486
2025/05/28 22:23:42,-,35,-,-,-,-,"Points, Balance Earned",大衆食堂スタンドそのだ,PayPay Point,-,-,04718391113887588355
2025/05/28 22:23:41,-,"10,000",-,-,-,-,Top-Up,PayPay,ソニー銀行 *****73,-,-,02007242843175346177
2025/05/28 22:23:41,"7,150",-,-,-,-,-,Payment,大衆食堂スタンドそのだ - 五反田店,PayPay Balance,-,-,04718391113887588355
2025/05/28 18:40:59,-,3,-,-,-,-,"Points, Balance Earned",セブン-イレブン,PayPay Point,-,-,04718276335180906510
2025/05/28 18:40:59,651,-,-,-,-,-,Payment,セブン-イレブン - 世田谷玉川,PayPay Balance,-,-,04718276335180906510
2025/05/26 22:00:31,-,17,-,-,-,-,"Points, Balance Earned",路じ,PayPay Point,-,-,04716894833180286980
2025/05/26 22:00:31,"3,465",-,-,-,-,-,Payment,路じ - 本店,PayPay Balance,-,-,04716894833180286980
2025/05/26 18:07:17,-,6,-,-,-,-,"Points, Balance Earned",文化浴泉,PayPay Point,-,-,04716774617044344836
2025/05/26 18:07:16,-,"10,000",-,-,-,-,Top-Up,PayPay,ソニー銀行 *****73,-,-,02005626337743896590
2025/05/26 18:07:16,"1,200",-,-,-,-,-,Payment,文化浴泉 - 文化浴泉,PayPay Balance,-,-,04716774617044344836
2025/05/26 15:00:36,-,117,-,-,-,-,"Points, Balance Earned",チケジャム,PayPay Point,-,-,04716678298107969541
2025/05/26 15:00:23,"23,581",-,-,-,-,-,Payment,チケジャム,"PayPay Point (42yen), PayPay Balance (23,539yen)",-,-,04716678298107969541
2025/05/26 15:00:23,-,"23,197",-,-,-,-,Top-Up,PayPay,ソニー銀行 *****73,-,-,02005530018807349257
2025/05/23 10:53:45,"4,408",-,-,-,-,-,Bill Payment,東京ガス株式会社,"PayPay Point (9yen), PayPay Balance (4,399yen)",-,-,04714324681800081409
2025/05/21 23:34:31,-,2,-,-,-,-,"Points, Balance Earned",ローソン,PayPay Point,-,-,04713232428665757697
2025/05/21 23:34:31,548,-,-,-,-,-,Payment,ローソン - ナチュラルローソン上野毛一丁目,PayPay Balance,-,-,04713232428665757697
2025/05/21 22:42:30,127,-,-,-,-,-,Payment,ファミリーマート - 赤坂六丁目,PayPay Balance,-,-,04713205628069904385
2025/05/21 20:37:39,"2,500",-,-,-,-,-,Money Sent,"Zabu ",PayPay Balance,-,-,02001992992978886665
2025/05/21 09:16:33,"1,080",-,-,-,-,-,Payment,Appleサービス,"PayPay Point (237yen), PayPay Balance (843yen)",-,-,04712790236012126208
2025/05/21 09:16:33,-,5,-,-,-,-,"Points, Balance Earned",Appleサービス,PayPay Point,-,-,04712790236012126208
2025/05/20 09:48:15,-,"10,000",-,-,-,-,Top-Up,PayPay,ソニー銀行 *****73,-,-,02000916133008793600
2025/05/20 09:48:15,"6,000",-,-,-,-,-,Bill Payment,東京都世田谷区,PayPay Balance,-,-,04712064403718545410
2025/05/19 17:11:19,-,12,-,-,-,-,"Points, Balance Earned",Dominos Pizza,PayPay Point,-,-,04711550596780924929
2025/05/19 17:11:19,"2,449",-,-,-,-,-,Payment,Dominos Pizza,PayPay Balance,-,-,04711550596780924929
2025/05/19 15:50:27,-,"10,000",-,-,-,-,Top-Up,PayPay,ソニー銀行 *****73,-,-,02000360630529024017
2025/05/19 15:50:27,"3,709",-,-,-,-,-,Bill Payment,東京電力エナジーパートナー株式会社,PayPay Balance,-,-,04711508909828440071
2025/05/18 15:08:10,-,5,-,-,-,-,"Points, Balance Earned",ホァン　フク,PayPay Point,-,-,04710744955406000128
2025/05/18 15:08:10,"1,100",-,-,-,-,-,Payment,ホァン　フク - ホアンフクベトナム料理,PayPay Balance,-,-,04710744955406000128
2025/05/18 13:13:51,600,-,-,-,-,-,Payment,KOTONE CAFE,PayPay Balance,-,-,04710686028454592520
2025/05/18 13:13:50,-,3,-,-,-,-,"Points, Balance Earned",KOTONE CAFE,PayPay Point,-,-,04710686028454592520
2025/05/16 09:14:31,-,2,-,-,-,-,"Points, Balance Earned",Appleサービス,PayPay Point,-,-,04709078344886419456
2025/05/16 09:14:31,450,-,-,-,-,-,Payment,Appleサービス,"PayPay Point (2yen), PayPay Balance (448yen)",-,-,04709078344886419456
2025/05/12 22:38:31,358,-,-,-,-,-,Payment,ファミリーマート - 西ヶ原駅前,PayPay Balance,-,-,04706524041934233600
2025/05/12 22:38:31,-,1,-,-,-,-,"Points, Balance Earned",ファミリーマート,PayPay Point,-,-,04706524041934233600
2025/05/11 17:18:18,"1,123",-,-,-,-,-,Payment,セブン-イレブン - 神田駅西口通り,PayPay Balance,-,-,04705616824581193731
2025/05/11 17:18:17,-,5,-,-,-,-,"Points, Balance Earned",セブン-イレブン,PayPay Point,-,-,04705616824581193731
2025/05/11 15:54:12,324,-,-,-,-,-,Payment,ミニストップ - 神田美土代町店,PayPay Balance,-,-,04705573479772610564
2025/05/11 15:54:11,-,1,-,-,-,-,"Points, Balance Earned",ミニストップ,PayPay Point,-,-,04705573479772610564
2025/05/11 12:08:44,-,3,-,-,-,-,"Points, Balance Earned",Single O Japan,PayPay Point,-,-,04705457275137507339
2025/05/11 12:08:44,600,-,-,-,-,-,Payment,Single O Japan - Single O Kanda Awaji,PayPay Balance,-,-,04705457275137507339
2025/05/11 10:49:33,117,-,-,-,-,-,Payment,マルエツ - マルエツプチ　神田司町店,PayPay Balance,-,-,04705416472946999297
2025/05/10 13:06:15,-,13,-,-,-,-,"Points, Balance Earned",Dominos Pizza,PayPay Point,-,-,04704744757242560523
2025/05/10 13:06:15,"2,720",-,-,-,-,-,Payment,Dominos Pizza,PayPay Balance,-,-,04704744757242560523
2025/05/09 10:26:56,-,"10,000",-,-,-,-,Top-Up,PayPay,ソニー銀行 *****73,-,-,01992772187820818449
2025/05/09 10:26:55,"5,462",-,-,-,-,-,Bill Payment,東京ガス株式会社,PayPay Balance,-,-,04703920467118637058
2025/05/08 20:06:40,760,-,-,-,-,-,Payment,春日井よし乃 - イベント１,PayPay Balance,-,-,04703477089055203334
2025/05/08 20:06:39,-,3,-,-,-,-,"Points, Balance Earned",春日井よし乃,PayPay Point,-,-,04703477089055203334
2025/05/04 14:49:28,-,1,-,-,-,-,"Points, Balance Earned",ローソン,PayPay Point,-,-,04700344924024815629
2025/05/04 14:49:28,279,-,-,-,-,-,Payment,ローソン - ナチュラルローソン上野毛一丁目,PayPay Balance,-,-,04700344924024815629
2025/05/04 14:45:27,"1,783",-,-,-,-,-,Payment,CoCo壱番屋 - 東急上野毛駅前店,PayPay Balance,-,-,04700342853850406915
2025/05/04 14:45:26,-,8,-,-,-,-,"Points, Balance Earned",CoCo壱番屋,PayPay Point,-,-,04700342853850406915
2025/05/03 20:30:27,"2,010",-,-,-,-,-,Payment,Dominos Pizza,PayPay Balance,-,-,04699778495147114501
2025/05/03 20:30:26,-,10,-,-,-,-,"Points, Balance Earned",Dominos Pizza,PayPay Point,-,-,04699778495147114501
2025/04/26 11:44:32,-,20,-,-,-,-,"Points, Balance Earned",デアリングマン,PayPay Point,-,-,04694312255910289409
2025/04/26 11:44:32,"4,000",-,-,-,-,-,Payment,デアリングマン,PayPay Balance,-,-,04694312255910289409
2025/04/26 10:48:50,-,"10,000",-,-,-,-,Top-Up,PayPay,ソニー銀行 *****73,-,-,01983135260459966479
2025/04/25 20:08:52,"1,450",-,-,-,-,-,Payment,らーめん工房りょう花 - 束本店,PayPay Balance,-,-,04693830008392450056
2025/04/25 20:08:51,-,7,-,-,-,-,"Points, Balance Earned",らーめん工房りょう花,PayPay Point,-,-,04693830008392450056
2025/04/24 09:29:10,-,15,-,-,-,-,"Points, Balance Earned",ゲストハウス瀬戸音十庵,PayPay Point,-,-,04692758139172093952
2025/04/24 09:29:10,"3,000",-,-,-,-,-,Payment,ゲストハウス瀬戸音十庵 - せとねじゅうあん,PayPay Balance,-,-,04692758139172093952
2025/04/22 21:51:09,-,2,-,-,-,-,"Points, Balance Earned",ゲストハウス瀬戸音十庵,PayPay Point,-,-,04691656222362017793
2025/04/22 21:51:09,500,-,-,-,-,-,Payment,ゲストハウス瀬戸音十庵 - せとねじゅうあん,PayPay Balance,-,-,04691656222362017793
2025/04/22 15:09:29,-,4,-,-,-,-,"Points, Balance Earned",はなみずき薬局,PayPay Point,-,-,04691449204939317249
2025/04/22 15:09:29,800,-,-,-,-,-,Payment,はなみずき薬局 - はなみずき薬局,PayPay Balance,-,-,04691449204939317249
2025/04/22 14:30:50,780,-,-,-,-,-,Payment,元匠 - 東かがわ湊店,PayPay Balance,-,-,04691429276290392065
2025/04/22 14:30:49,-,3,-,-,-,-,"Points, Balance Earned",元匠,PayPay Point,-,-,04691429276290392065
2025/04/21 15:01:47,"1,850",-,-,-,-,-,Payment,KAIZOKUグループ - だし麺屋ナミノアヤ上野毛本店,PayPay Balance,-,-,04690703066040926208
2025/04/21 15:01:47,-,9,-,-,-,-,"Points, Balance Earned",KAIZOKUグループ,PayPay Point,-,-,04690703066040926208
2025/04/21 09:17:59,"1,080",-,-,-,-,-,Payment,Appleサービス,PayPay Balance,-,-,04690525872870105089
2025/04/21 09:17:59,-,5,-,-,-,-,"Points, Balance Earned",Appleサービス,PayPay Point,-,-,04690525872870105089
2025/04/20 18:09:00,-,14,-,-,-,-,"Points, Balance Earned",SAISONbakery＆coffee,PayPay Point,-,-,04690057386426736640
2025/04/20 18:09:00,"2,850",-,-,-,-,-,Payment,SAISONbakery＆coffee,PayPay Balance,-,-,04690057386426736640
2025/04/20 15:03:39,-,209,-,-,-,-,"Points, Balance Earned",Byblos,PayPay Point,-,-,04689961849174269956
2025/04/20 15:03:39,"2,100",-,-,-,-,-,Payment,Byblos - Byblos Lebanese Restaurant,"PayPay Point (5yen), PayPay Balance (2,095yen)",-,-,04689961849174269956
2025/04/19 23:54:43,"5,721",-,-,-,-,-,Bill Payment,東京電力エナジーパートナー株式会社,PayPay Balance,-,-,04689493388500910080
2025/04/19 23:54:23,"4,386",-,-,-,-,-,Bill Payment,東京都水道局,PayPay Balance,-,-,04689493225293275136
2025/04/16 09:17:32,450,-,-,-,-,-,Payment,Appleサービス,"PayPay Point (7yen), PayPay Balance (443yen)",-,-,04686814780607758338
2025/04/16 09:17:32,-,2,-,-,-,-,"Points, Balance Earned",Appleサービス,PayPay Point,-,-,04686814780607758338
2025/03/21 09:16:31,-,5,-,-,-,-,"Points, Balance Earned",Appleサービス,PayPay Point,-,-,04667517827548577792
2025/03/21 09:16:31,"1,080",-,-,-,-,-,Payment,Appleサービス,"PayPay Point (1yen), PayPay Balance (1,079yen)",-,-,04667517827548577792
2025/03/16 09:14:42,-,2,-,-,-,-,"Points, Balance Earned",Appleサービス,PayPay Point,-,-,04663806048089882625
2025/03/16 09:14:42,450,-,-,-,-,-,Payment,Appleサービス,"PayPay Point (14yen), PayPay Balance (436yen)",-,-,04663806048089882625
2025/02/21 10:17:12,"1,080",-,-,-,-,-,Payment,Appleサービス,"PayPay Point (5yen), PayPay Balance (1,075yen)",-,-,04646768333727662081
2025/02/21 10:17:11,-,5,-,-,-,-,"Points, Balance Earned",Appleサービス,PayPay Point,-,-,04646768333727662081
2025/02/16 10:15:17,-,1,-,-,-,-,"Points, Balance Earned",Appleサービス,PayPay Point,-,-,04643056494139219972
2025/02/16 10:15:17,450,-,-,-,-,-,Payment,Appleサービス,"PayPay Point (81yen), PayPay Balance (369yen)",-,-,04643056494139219972
2025/01/28 13:20:40,-,14,-,-,-,-,"Points, Balance Earned",際コーポレーション,PayPay Point,-,-,04629050811938807812
2025/01/28 13:20:40,"2,960",-,-,-,-,-,Payment,際コーポレーション - 東京　CP,"PayPay Point (30yen), PayPay Balance (2,930yen)",-,-,04629050811938807812
2025/01/27 13:31:09,"7,091",-,-,-,-,-,Bill Payment,東京ガス株式会社,PayPay Balance,-,-,04628314036069040131
2025/01/27 13:28:43,"2,130",-,-,-,-,-,Bill Payment,東京電力エナジーパートナー株式会社,"PayPay Point (909yen), PayPay Balance (1,221yen)",-,-,04628312790528303107
2025/01/26 22:10:12,-,"7,000",-,-,-,-,Money Received,ヨシヒサ,PayPay Balance,-,-,01916691097938305030
2025/01/26 12:15:46,"5,255",-,-,-,-,-,Money Sent,honami,PayPay Balance,-,-,01916384729332031500
2025/01/26 11:09:15,-,"40,000",-,-,-,-,Money Received,honami,PayPay Balance,-,-,01916350446904991748
2025/01/21 10:16:48,-,5,-,-,-,-,"Points, Balance Earned",Appleサービス,PayPay Point,-,-,04623760855338008577
2025/01/21 10:16:48,"1,080",-,-,-,-,-,Payment,Appleサービス,PayPay Point,-,-,04623760855338008577
2025/01/18 13:11:05,500,-,-,-,-,-,Money Sent,shige,PayPay Balance,-,-,01910475876516208642
2025/01/17 17:19:28,"2,350",-,-,-,-,-,Money Sent,Sherry Pan,PayPay Balance,-,-,01909861721962684436
2025/01/16 10:14:33,450,-,-,-,-,-,Payment,Appleサービス,PayPay Balance,-,-,04620048843952791553
2025/01/16 10:14:33,-,2,-,-,-,-,"Points, Balance Earned",Appleサービス,PayPay Point,-,-,04620048843952791553
2025/01/15 22:03:37,-,14,-,-,-,-,"Points, Balance Earned",エスニックレストラン ハヌマン,PayPay Point,-,-,04619672123781210114
2025/01/15 22:03:37,"3,000",-,-,-,-,-,Payment,エスニックレストラン ハヌマン - 久が原店,"PayPay Point (1,106yen), PayPay Balance (1,894yen)",-,-,04619672123781210114
2025/01/13 23:37:37,-,"2,000",-,-,-,-,Money Received,honami,PayPay Balance,-,-,01907087946184384513
2025/01/09 13:34:51,-,7,-,-,-,-,"Points, Balance Earned",CoCo壱番屋,PayPay Point,-,-,04614956876755599364
2025/01/09 13:34:51,"1,540",-,-,-,-,-,Payment,CoCo壱番屋 - 東急上野毛駅前店,PayPay Balance,-,-,04614956876755599364
2025/01/08 20:25:58,-,8,-,-,-,-,"Points, Balance Earned",Uber Eats,PayPay Point,-,-,04614391384181653509
2025/01/08 19:17:39,"1,707",-,-,-,-,-,Payment,Uber Eats,PayPay Balance,-,-,04614391384181653509
2025/01/07 20:15:40,-,9,-,-,-,-,"Points, Balance Earned",Uber Eats,PayPay Point,-,-,04613656884644159490
2025/01/07 19:32:31,"1,877",-,-,-,-,-,Payment,Uber Eats,"PayPay Point (6yen), PayPay Balance (1,871yen)",-,-,04613656884644159490
2025/01/07 07:14:31,4,-,-,-,-,-,"Points, Balance Removed",-,PayPay Point,-,-,04612887965239164934
2025/01/07 07:14:31,-,844,-,-,-,-,Refund,Uber Eats,"PayPay Point (6yen), PayPay Balance (838yen)",-,-,04612887965239164934
2025/01/06 20:01:19,-,9,-,-,-,-,"Points, Balance Earned",Dominos Pizza,PayPay Point,-,-,04612929557702443009
2025/01/06 20:01:19,"1,849",-,-,-,-,-,Payment,Dominos Pizza,PayPay Balance,-,-,04612929557702443009
2025/01/06 19:56:41,-,4,-,-,-,-,"Points, Balance Earned",Uber Eats,PayPay Point,-,-,04612887965239164934
2025/01/06 18:40:38,844,-,-,-,-,-,Payment,Uber Eats,"PayPay Point (6yen), PayPay Balance (838yen)",-,-,04612887965239164934
2025/01/05 16:14:37,-,12,-,-,-,-,"Points, Balance Earned",Uber,PayPay Point,-,-,04612070547063668736
2025/01/05 16:14:37,"2,400",-,-,-,-,-,Payment,Uber,PayPay Balance,-,-,04612070547063668736
2025/01/05 11:52:38,-,6,-,-,-,-,"Points, Balance Earned",Uber Eats,PayPay Point,-,-,04611906668291596289
2025/01/05 10:56:40,"1,279",-,-,-,-,-,Payment,Uber Eats,PayPay Balance,-,-,04611906668291596289
2025/01/05 10:54:26,-,2,-,-,-,-,"Points, Balance Earned",Uber Eats,PayPay Point,-,-,04611905482880671750
2025/01/05 10:54:22,498,-,-,-,-,-,Payment,Uber Eats,"PayPay Point (1yen), PayPay Balance (497yen)",-,-,04611905482880671750
2025/01/04 21:32:12,-,5,-,-,-,-,"Points, Balance Earned",プラシッダタージ,PayPay Point,-,-,04611492057918586881
2025/01/04 21:32:12,"1,080",-,-,-,-,-,Payment,プラシッダタージ,PayPay Balance,-,-,04611492057918586881
2025/01/04 13:12:29,-,6,-,-,-,-,"Points, Balance Earned",プラシッダタージ,PayPay Point,-,-,04611234505909862400
2025/01/04 13:12:29,"1,375",-,-,-,-,-,Payment,プラシッダタージ,PayPay Balance,-,-,04611234505909862400
2025/01/04 12:17:44,-,"15,800",-,-,-,-,Money Received,honami,PayPay Balance,-,-,01900058003841540108
2025/01/03 23:58:42,"1,050",-,-,-,-,-,Money Sent,とり*HITOMI,PayPay Balance,-,-,01899677108963319808
2025/01/02 04:10:17,-,1,-,-,-,-,"Points, Balance Earned",ファミリーマート,PayPay Point,-,-,04609470717459873795
2025/01/02 04:10:17,407,-,-,-,-,-,Payment,ファミリーマート - 世田谷上馬一丁目,"PayPay Point (22yen), PayPay Balance (385yen)",-,-,04609470717459873795